﻿<?xml version="1.0" encoding="utf-8"?>
<!--
	to add: 
		1.wpilib's wierd installer
		2.python 3.8 and openCV optional?
		3.vscode installer if not handeled during wpilib install
		4.Israel radio config tool because 5ghz is for scrubs
-->
<Programs>
	<Program>
		<Type>Asset</Type>
		<Name>WPILib Docs (HTML)</Name>
		<FileName>frc-docs-latest.zip</FileName>
		<URL>https://readthedocs.org/projects/frc-docs/downloads/htmlzip/latest/</URL>
		<Year>2021</Year>
		<Revision>1</Revision>
		<Zip>true</Zip>
	</Program>
	<Program>
		<Type>Asset</Type>
		<Name>Game Manual (PDF)</Name>
		<FileName>2021FRCGameManual.pdf</FileName>
		<URL>https://firstfrc.blob.core.windows.net/frc2021/Manual/2021FRCGameManual.pdf</URL>
		<Year>2021</Year>
		<Revision>0</Revision>
		<Zip>false</Zip>
	</Program>
  <Program>
    <Type>ISO</Type>
    <Name>WPILib Installer</Name>
    <FileName>WPILib_Windows64-2021.2.2.iso</FileName>
    <URL>https://github.com/wpilibsuite/allwpilib/releases/download/v2021.2.2/WPILib_Windows64-2021.2.2.iso</URL>
    <ExecutableName>WPILib_Windows64-2021.2.2//WPILibInstaller.exe</ExecutableName>
    <Year>2021</Year>
    <Revision>0</Revision>
    <Zip>false</Zip>
  </Program>
	<Program>
		<Type>EXE</Type>
		<Name>Game Tools</Name>
		<FileName>ni-frc-2020-game-tools_20.0_online.exe</FileName>
		<URL>https://download.ni.com/support/nipkg/products/ni-f/ni-frc-2020-game-tools/20.0/online/ni-frc-2020-game-tools_20.0_online.exe</URL>
		<Year>2020</Year>
		<Revision>0</Revision>
		<Zip>false</Zip>
		<Silent>false</Silent>
	</Program>
	<Program>
		<Type>EXE</Type>
		<Name>Phoenix Framework</Name>
		<FileName>CTRE_Phoenix_Framework_v5.19.4.1.exe</FileName>
		<URL>https://github.com/CrossTheRoadElec/Phoenix-Releases/releases/download/v5.19.4.1/CTRE_Phoenix_Framework_v5.19.4.1.exe</URL>
		<Year>2021</Year>
		<Revision>0</Revision>
		<Zip>false</Zip>
		<Silent>true</Silent>
	</Program>
  <Program>
    <Type>EXE</Type>
    <Name>NavX</Name>
    <FileName>navx-mxp.zip</FileName>
    <ExecutableName>setup.exe</ExecutableName>
    <URL>https://www.kauailabs.com/public_files/navx-mxp/navx-mxp.zip</URL>
    <Year>2021</Year>
    <Revision>0</Revision>
    <Zip>true</Zip>
	  <Silent>false</Silent>
  </Program>
		<Program>
		<Type>EXE</Type>
		<Name>REV Client</Name>
		<FileName>REV-Hardware-Client-Setup-1.1.0.exe</FileName>
		<URL>https://www.revrobotics.com/content/sw/rev-hw-client/REV-Hardware-Client-Setup-1.1.0.exe</URL>
		<Year>2021</Year>
		<Revision>0</Revision>
		<Zip>false</Zip>
			<Silent>false</Silent>
	</Program>
		<Program>
		<Type>EXE</Type>
		<Name>Radio Configuration Tool</Name>
		<FileName>FRC_Radio_Configuration_20_0_0.zip</FileName>
     <ExecutableName>FRC_Radio_Configuration_20_0_0.exe</ExecutableName>
     <URL>https://firstfrc.blob.core.windows.net/frc2020/Radio/FRC_Radio_Configuration_20_0_0.zip</URL>
		<Year>2020</Year>
		<Revision>0</Revision>
		<Zip>true</Zip>
			<Silent>false</Silent>
	</Program>
	<Program>
		<Type>EXE</Type>
		<Name>GitHub Desktop</Name>
		<FileName>GitHubDesktopSetup.exe</FileName>
		<URL>https://desktop.githubusercontent.com/releases/2.6.5-1995d7d8/GitHubDesktopSetup.exe</URL>
		<Year>2020</Year>
		<Revision>0</Revision>
		<Zip>false</Zip>
		<Silent>false</Silent>
	</Program>
<Program>
		<Type>EXE</Type>
		<Name>Ninite</Name>
		<FileName>ninite.exe</FileName>
		<URL>https://ninite.com/7zip-adoptjavax11-adoptjavax8-chrome-correttojdkx11-correttojdkx8-edge-filezilla-firefox-inkscape-libreoffice-notepadplusplus-putty-pythonx3-sharex-vlc/ninite.exe</URL>
		<Year>2020</Year>
		<Revision>0</Revision>
		<Zip>false</Zip>
		<Silent>false</Silent>
	</Program>
	<Program>
		<!--Replace this Powershell Script with a device configuration script-->
		<Type>PS</Type>
		<Name>Test Powershell</Name>
		<FileName>sample.ps1</FileName>
		<URL>http://app-cdn.vercel.app/frc-install-supporting/sample.ps1</URL>
		<Year>2020</Year>
		<Revision>1</Revision>
		<Zip>false</Zip>
	</Program>
</Programs>
